File Number,6.3.1,6.3.2,6.3.3,6.3.4,6.3.5,6.3.6,6.3.7,6.3.8,6.3.9,6.3.10,PBME,FE,
00001,0.998052,0.939363,0.999204,0.894284,0.925576,0.959590,0.998339,0.998156,0.997907,0.998597,0.894284,7.154270,
00002,0.998524,0.935220,0.999760,0.885381,0.933569,0.986337,0.998549,0.998455,1.000000,0.999255,0.885381,7.083045,
00003,0.998190,0.968168,0.999137,0.897617,0.931491,0.998695,0.999033,0.998963,0.997728,0.998260,0.897617,7.180938,
00004,0.998572,0.966232,0.999432,0.891474,0.925576,0.998615,0.998869,0.998933,0.998670,0.998250,0.891474,7.131794,
00005,0.997754,0.931115,0.999295,0.889184,0.933569,0.998699,0.998712,0.998245,0.998164,0.998229,0.889184,7.113470,
00006,0.998336,0.936716,0.998922,0.918249,0.929468,0.998675,0.998406,0.998032,0.999000,0.998464,0.918249,7.345988,
00007,0.997931,0.956835,0.999557,0.900850,0.931491,0.995506,0.999095,0.997895,0.998849,0.998330,0.900850,7.206801,
00008,0.998253,0.973538,0.999167,0.934517,0.935706,0.981516,0.998171,0.998953,0.998575,0.998250,0.934517,7.476133,
00009,0.998476,0.928743,0.998957,0.918748,0.927497,0.995088,0.999111,0.998744,0.998323,0.997960,0.918748,7.349986,
00010,0.998070,0.927684,0.998811,0.906604,0.925576,0.995506,0.999549,0.998761,0.999361,0.998705,0.906604,7.252832,
00011,0.998492,0.956505,0.999775,0.882633,0.933569,0.994422,0.998677,0.998549,0.998880,0.999687,0.882633,7.061064,
00012,0.998400,0.940992,0.999076,0.913634,0.931491,0.998582,0.998949,0.998279,0.998527,0.998120,0.913634,7.309072,
00013,0.988234,0.684630,0.901251,0.870986,0.000001,0.000004,0.989287,0.862673,0.100280,0.908819,0.000001,0.000012,
00014,0.976339,0.562917,0.794988,0.870868,-0.000000,-0.000000,0.976377,0.713567,0.005611,0.809040,-0.000000,-0.000000,
00015,0.976339,0.562917,0.794988,0.870868,-0.000000,-0.000000,0.976377,0.713567,0.005611,0.809040,-0.000000,-0.000000,
00016,0.976339,0.562917,0.794988,0.870868,-0.000000,-0.000000,0.976377,0.713567,0.005611,0.809040,-0.000000,-0.000000,
00017,0.976339,0.562917,0.794988,0.870868,-0.000000,-0.000000,0.976377,0.713567,0.005611,0.809040,-0.000000,-0.000000,
00018,0.976339,0.562917,0.794988,0.870868,-0.000000,-0.000000,0.976377,0.713567,0.005611,0.809040,-0.000000,-0.000000,
00019,0.976339,0.562917,0.794988,0.870868,-0.000000,-0.000000,0.976377,0.713567,0.005611,0.809040,-0.000000,-0.000000,
00020,0.976339,0.562917,0.794988,0.870868,-0.000000,-0.000000,0.976377,0.713567,0.005611,0.809040,-0.000000,-0.000000,
00021,0.976339,0.562917,0.794988,0.870868,-0.000000,-0.000000,0.976377,0.713567,0.005611,0.809040,-0.000000,-0.000000,
00022,0.976339,0.562917,0.794988,0.870868,-0.000000,-0.000000,0.976377,0.713567,0.005611,0.809040,-0.000000,-0.000000,
00023,0.976339,0.562917,0.794988,0.870868,-0.000000,-0.000000,0.976377,0.713567,0.005611,0.809040,-0.000000,-0.000000,
00024,0.976339,0.562917,0.794988,0.870868,-0.000000,-0.000000,0.976377,0.713567,0.005611,0.809040,-0.000000,-0.000000,
00025,0.976339,0.562917,0.794988,0.870868,-0.000000,-0.000000,0.976377,0.713567,0.005611,0.809040,-0.000000,-0.000000,
00026,0.976339,0.562917,0.794988,0.870868,-0.000000,-0.000000,0.976377,0.713567,0.005611,0.809040,-0.000000,-0.000000,
00027,0.976339,0.562917,0.794988,0.870868,-0.000000,-0.000000,0.976377,0.713567,0.005611,0.809040,-0.000000,-0.000000,
00028,0.977827,0.840577,0.973277,0.801904,0.000004,0.000009,0.977820,0.913871,0.100280,0.977832,0.000004,0.000030,
00029,0.943455,1.000000,0.850338,0.699387,-0.000000,-0.000000,0.921941,0.732160,0.000001,0.849078,-0.000000,-0.000000,
00030,0.943455,1.000000,0.850338,0.699387,-0.000000,-0.000000,0.921941,0.732160,0.000001,0.849078,-0.000000,-0.000000,
00031,0.943455,1.000000,0.850338,0.699387,-0.000000,-0.000000,0.921941,0.732160,0.000001,0.849078,-0.000000,-0.000000,
00032,0.943455,1.000000,0.850338,0.699387,-0.000000,-0.000000,0.921941,0.732160,0.000001,0.849078,-0.000000,-0.000000,
00033,0.943455,1.000000,0.850338,0.699387,-0.000000,-0.000000,0.921941,0.732160,0.000001,0.849078,-0.000000,-0.000000,
00034,0.943455,1.000000,0.850338,0.699387,-0.000000,-0.000000,0.921941,0.732160,0.000001,0.849078,-0.000000,-0.000000,
00035,0.943455,1.000000,0.850338,0.699387,-0.000000,-0.000000,0.921941,0.732160,0.000001,0.849078,-0.000000,-0.000000,
00036,0.943455,1.000000,0.850338,0.699387,-0.000000,-0.000000,0.921941,0.732160,0.000001,0.849078,-0.000000,-0.000000,
00037,0.943455,1.000000,0.850338,0.699387,-0.000000,-0.000000,0.921941,0.732160,0.000001,0.849078,-0.000000,-0.000000,
00038,0.943455,1.000000,0.850338,0.699387,-0.000000,-0.000000,0.921941,0.732160,0.000001,0.849078,-0.000000,-0.000000,
00039,0.943455,1.000000,0.850338,0.699387,-0.000000,-0.000000,0.921941,0.732160,0.000001,0.849078,-0.000000,-0.000000,
00040,0.943455,1.000000,0.850338,0.699387,-0.000000,-0.000000,0.921941,0.732160,0.000001,0.849078,-0.000000,-0.000000,
00041,0.943455,1.000000,0.850338,0.699387,-0.000000,-0.000000,0.921941,0.732160,0.000001,0.849078,-0.000000,-0.000000,
00042,0.943455,1.000000,0.850338,0.699387,-0.000000,-0.000000,0.921941,0.732160,0.000001,0.849078,-0.000000,-0.000000,
00043,0.943455,1.000000,0.850338,0.699387,-0.000000,-0.000000,0.921941,0.732160,0.000001,0.849078,-0.000000,-0.000000,
00044,0.943455,1.000000,0.850338,0.699387,-0.000000,-0.000000,0.921941,0.732160,0.000001,0.849078,-0.000000,-0.000000,
00045,0.943455,1.000000,0.850338,0.699387,-0.000000,-0.000000,0.921941,0.732160,0.000001,0.849078,-0.000000,-0.000000,
00046,0.943455,1.000000,0.850338,0.699387,-0.000000,-0.000000,0.921941,0.732160,0.000001,0.849078,-0.000000,-0.000000,
00047,0.943455,1.000000,0.850338,0.699387,-0.000000,-0.000000,0.921941,0.732160,0.000001,0.849078,-0.000000,-0.000000,
00048,0.943455,1.000000,0.850338,0.699387,-0.000000,-0.000000,0.921941,0.732160,0.000001,0.849078,-0.000000,-0.000000,
00049,0.943455,1.000000,0.850338,0.699387,-0.000000,-0.000000,0.921941,0.732160,0.000001,0.849078,-0.000000,-0.000000,
00050,0.943455,1.000000,0.850338,0.699387,-0.000000,-0.000000,0.921941,0.732160,0.000001,0.849078,-0.000000,-0.000000,
00051,0.943455,1.000000,0.850338,0.699387,-0.000000,-0.000000,0.921941,0.732160,0.000001,0.849078,-0.000000,-0.000000,
00052,0.943455,1.000000,0.850338,0.699387,-0.000000,-0.000000,0.921941,0.732160,0.000001,0.849078,-0.000000,-0.000000,
00053,0.943455,1.000000,0.850338,0.699387,-0.000000,-0.000000,0.921941,0.732160,0.000001,0.849078,-0.000000,-0.000000,
00054,0.943455,1.000000,0.850338,0.699387,-0.000000,-0.000000,0.921941,0.732160,0.000001,0.849078,-0.000000,-0.000000,
00055,0.943455,1.000000,0.850338,0.699387,-0.000000,-0.000000,0.921941,0.732160,0.000001,0.849078,-0.000000,-0.000000,
00056,0.943455,1.000000,0.850338,0.699387,-0.000000,-0.000000,0.921941,0.732160,0.000001,0.849078,-0.000000,-0.000000,
00057,0.943455,1.000000,0.850338,0.699387,-0.000000,-0.000000,0.921941,0.732160,0.000001,0.849078,-0.000000,-0.000000,
00058,0.943455,1.000000,0.850338,0.699387,-0.000000,-0.000000,0.921941,0.732160,0.000001,0.849078,-0.000000,-0.000000,
00059,0.943455,1.000000,0.850338,0.699387,-0.000000,-0.000000,0.921941,0.732160,0.000001,0.849078,-0.000000,-0.000000,
00060,0.943455,1.000000,0.850338,0.699387,-0.000000,-0.000000,0.921941,0.732160,0.000001,0.849078,-0.000000,-0.000000,
00061,0.943455,1.000000,0.850338,0.699387,-0.000000,-0.000000,0.921941,0.732160,0.000001,0.849078,-0.000000,-0.000000,
00062,0.943455,1.000000,0.850338,0.699387,-0.000000,-0.000000,0.921941,0.732160,0.000001,0.849078,-0.000000,-0.000000,
00063,0.943455,1.000000,0.850338,0.699387,-0.000000,-0.000000,0.921941,0.732160,0.000001,0.849078,-0.000000,-0.000000,
00064,0.943455,1.000000,0.850338,0.699387,-0.000000,-0.000000,0.921941,0.732160,0.000001,0.849078,-0.000000,-0.000000,
00065,0.943455,1.000000,0.850338,0.699387,-0.000000,-0.000000,0.921941,0.732160,0.000001,0.849078,-0.000000,-0.000000,
00066,0.943455,1.000000,0.850338,0.699387,-0.000000,-0.000000,0.921941,0.732160,0.000001,0.849078,-0.000000,-0.000000,
00067,0.943455,1.000000,0.850338,0.699387,-0.000000,-0.000000,0.921941,0.732160,0.000001,0.849078,-0.000000,-0.000000,
00068,0.943455,1.000000,0.850338,0.699387,-0.000000,-0.000000,0.921941,0.732160,0.000001,0.849078,-0.000000,-0.000000,
00069,0.943455,1.000000,0.850338,0.699387,-0.000000,-0.000000,0.921941,0.732160,0.000001,0.849078,-0.000000,-0.000000,
00070,0.943455,1.000000,0.850338,0.699387,-0.000000,-0.000000,0.921941,0.732160,0.000001,0.849078,-0.000000,-0.000000,
00071,0.943455,1.000000,0.850338,0.699387,-0.000000,-0.000000,0.921941,0.732160,0.000001,0.849078,-0.000000,-0.000000,
00072,0.943455,1.000000,0.850338,0.699387,-0.000000,-0.000000,0.921941,0.732160,0.000001,0.849078,-0.000000,-0.000000,
00073,0.943455,1.000000,0.850338,0.699387,-0.000000,-0.000000,0.921941,0.732160,0.000001,0.849078,-0.000000,-0.000000,
00074,0.943455,1.000000,0.850338,0.699387,-0.000000,-0.000000,0.921941,0.732160,0.000001,0.849078,-0.000000,-0.000000,
00075,0.943455,1.000000,0.850338,0.699387,-0.000000,-0.000000,0.921941,0.732160,0.000001,0.849078,-0.000000,-0.000000,
00076,0.943455,1.000000,0.850338,0.699387,-0.000000,-0.000000,0.921941,0.732160,0.000001,0.849078,-0.000000,-0.000000,
00077,0.943455,1.000000,0.850338,0.699387,-0.000000,-0.000000,0.921941,0.732160,0.000001,0.849078,-0.000000,-0.000000,
00078,0.943455,1.000000,0.850338,0.699387,-0.000000,-0.000000,0.921941,0.732160,0.000001,0.849078,-0.000000,-0.000000,
00079,0.943455,1.000000,0.850338,0.699387,-0.000000,-0.000000,0.921941,0.732160,0.000001,0.849078,-0.000000,-0.000000,
00080,0.943455,1.000000,0.850338,0.699387,-0.000000,-0.000000,0.921941,0.732160,0.000001,0.849078,-0.000000,-0.000000,
00081,0.943455,1.000000,0.850338,0.699387,-0.000000,-0.000000,0.921941,0.732160,0.000001,0.849078,-0.000000,-0.000000,
00082,0.943455,1.000000,0.850338,0.699387,-0.000000,-0.000000,0.921941,0.732160,0.000001,0.849078,-0.000000,-0.000000,
00083,0.943455,1.000000,0.850338,0.699387,-0.000000,-0.000000,0.921941,0.732160,0.000001,0.849078,-0.000000,-0.000000,
00084,0.943455,1.000000,0.850338,0.699387,-0.000000,-0.000000,0.921941,0.732160,0.000001,0.849078,-0.000000,-0.000000,
00085,0.943455,1.000000,0.850338,0.699387,-0.000000,-0.000000,0.921941,0.732160,0.000001,0.849078,-0.000000,-0.000000,
00086,0.943455,1.000000,0.850338,0.699387,-0.000000,-0.000000,0.921941,0.732160,0.000001,0.849078,-0.000000,-0.000000,
00087,0.943455,1.000000,0.850338,0.699387,-0.000000,-0.000000,0.921941,0.732160,0.000001,0.849078,-0.000000,-0.000000,
00088,0.943455,1.000000,0.850338,0.699387,-0.000000,-0.000000,0.921941,0.732160,0.000001,0.849078,-0.000000,-0.000000,
00089,0.982882,1.000000,0.956449,0.806651,0.000004,0.000008,0.977115,0.918240,0.000005,0.954923,0.000004,0.000028,
00090,0.967825,0.872603,0.959968,0.736120,0.000005,0.000010,0.967723,0.948567,0.000006,0.968386,0.000005,0.000038,
00091,0.869522,0.767561,0.844091,0.585240,-0.000000,-0.000000,0.869559,0.789458,0.000001,0.869524,-0.000000,-0.000000,
00092,0.869522,0.767561,0.844091,0.585240,-0.000000,-0.000000,0.869559,0.789458,0.000001,0.869524,-0.000000,-0.000000,
00093,0.869522,0.767561,0.844091,0.585240,-0.000000,-0.000000,0.869559,0.789458,0.000001,0.869524,-0.000000,-0.000000,
00094,0.869522,0.767561,0.844091,0.585240,-0.000000,-0.000000,0.869559,0.789458,0.000001,0.869524,-0.000000,-0.000000,
00095,0.869522,0.767561,0.844091,0.585240,-0.000000,-0.000000,0.869559,0.789458,0.000001,0.869524,-0.000000,-0.000000,
00096,0.869522,0.767561,0.844091,0.585240,-0.000000,-0.000000,0.869559,0.789458,0.000001,0.869524,-0.000000,-0.000000,
00097,0.869522,0.767561,0.844091,0.585240,-0.000000,-0.000000,0.869559,0.789458,0.000001,0.869524,-0.000000,-0.000000,
00098,0.869522,0.767561,0.844091,0.585240,-0.000000,-0.000000,0.869559,0.789458,0.000001,0.869524,-0.000000,-0.000000,
00099,0.869522,0.767561,0.844091,0.585240,-0.000000,-0.000000,0.869559,0.789458,0.000001,0.869524,-0.000000,-0.000000,
00100,0.869522,0.767561,0.844091,0.585240,-0.000000,-0.000000,0.869559,0.789458,0.000001,0.869524,-0.000000,-0.000000,
00101,0.869522,0.767561,0.844091,0.585240,-0.000000,-0.000000,0.869559,0.789458,0.000001,0.869524,-0.000000,-0.000000,
00102,0.869522,0.767561,0.844091,0.585240,-0.000000,-0.000000,0.869559,0.789458,0.000001,0.869524,-0.000000,-0.000000,
00103,0.869522,0.767561,0.844091,0.585240,-0.000000,-0.000000,0.869559,0.789458,0.000001,0.869524,-0.000000,-0.000000,
00104,0.869522,0.767561,0.844091,0.585240,-0.000000,-0.000000,0.869559,0.789458,0.000001,0.869524,-0.000000,-0.000000,
00105,0.869522,0.767561,0.844091,0.585240,-0.000000,-0.000000,0.869559,0.789458,0.000001,0.869524,-0.000000,-0.000000,
00106,0.869522,0.767561,0.844091,0.585240,-0.000000,-0.000000,0.869559,0.789458,0.000001,0.869524,-0.000000,-0.000000,
00107,0.869522,0.767561,0.844091,0.585240,-0.000000,-0.000000,0.869559,0.789458,0.000001,0.869524,-0.000000,-0.000000,
00108,0.869522,0.767561,0.844091,0.585240,-0.000000,-0.000000,0.869559,0.789458,0.000001,0.869524,-0.000000,-0.000000,
00109,0.869522,0.767561,0.844091,0.585240,-0.000000,-0.000000,0.869559,0.789458,0.000001,0.869524,-0.000000,-0.000000,
00110,0.869522,0.767561,0.844091,0.585240,-0.000000,-0.000000,0.869559,0.789458,0.000001,0.869524,-0.000000,-0.000000,
00111,0.869522,0.767561,0.844091,0.585240,-0.000000,-0.000000,0.869559,0.789458,0.000001,0.869524,-0.000000,-0.000000,
00112,0.869522,0.767561,0.844091,0.585240,-0.000000,-0.000000,0.869559,0.789458,0.000001,0.869524,-0.000000,-0.000000,
00113,0.869522,0.767561,0.844091,0.585240,-0.000000,-0.000000,0.869559,0.789458,0.000001,0.869524,-0.000000,-0.000000,
00114,0.869522,0.767561,0.844091,0.585240,-0.000000,-0.000000,0.869559,0.789458,0.000001,0.869524,-0.000000,-0.000000,
00115,0.869522,0.767561,0.844091,0.585240,-0.000000,-0.000000,0.869559,0.789458,0.000001,0.869524,-0.000000,-0.000000,
00116,0.869522,0.767561,0.844091,0.585240,-0.000000,-0.000000,0.869559,0.789458,0.000001,0.869524,-0.000000,-0.000000,
00117,0.869522,0.767561,0.844091,0.585240,-0.000000,-0.000000,0.869559,0.789458,0.000001,0.869524,-0.000000,-0.000000,
00118,0.869522,0.767561,0.844091,0.585240,-0.000000,-0.000000,0.869559,0.789458,0.000001,0.869524,-0.000000,-0.000000,
00119,0.869522,0.767561,0.844091,0.585240,-0.000000,-0.000000,0.869559,0.789458,0.000001,0.869524,-0.000000,-0.000000,
00120,0.869522,0.767561,0.844091,0.585240,-0.000000,-0.000000,0.869559,0.789458,0.000001,0.869524,-0.000000,-0.000000,
00121,0.869522,0.767561,0.844091,0.585240,-0.000000,-0.000000,0.869559,0.789458,0.000001,0.869524,-0.000000,-0.000000,
00122,0.869522,0.767561,0.844091,0.585240,-0.000000,-0.000000,0.869559,0.789458,0.000001,0.869524,-0.000000,-0.000000,
00123,0.869522,0.767561,0.844091,0.585240,-0.000000,-0.000000,0.869559,0.789458,0.000001,0.869524,-0.000000,-0.000000,
00124,0.869522,0.767561,0.844091,0.585240,-0.000000,-0.000000,0.869559,0.789458,0.000001,0.869524,-0.000000,-0.000000,
00125,0.869522,0.767561,0.844091,0.585240,-0.000000,-0.000000,0.869559,0.789458,0.000001,0.869524,-0.000000,-0.000000,
00126,0.869522,0.767561,0.844091,0.585240,-0.000000,-0.000000,0.869559,0.789458,0.000001,0.869524,-0.000000,-0.000000,
00127,0.869522,0.767561,0.844091,0.585240,-0.000000,-0.000000,0.869559,0.789458,0.000001,0.869524,-0.000000,-0.000000,
00128,0.869522,0.767561,0.844091,0.585240,-0.000000,-0.000000,0.869559,0.789458,0.000001,0.869524,-0.000000,-0.000000,
00129,0.869522,0.767561,0.844091,0.585240,-0.000000,-0.000000,0.869559,0.789458,0.000001,0.869524,-0.000000,-0.000000,
00130,0.869522,0.767561,0.844091,0.585240,-0.000000,-0.000000,0.869559,0.789458,0.000001,0.869524,-0.000000,-0.000000,
00131,0.869522,0.767561,0.844091,0.585240,-0.000000,-0.000000,0.869559,0.789458,0.000001,0.869524,-0.000000,-0.000000,
00132,0.869522,0.767561,0.844091,0.585240,-0.000000,-0.000000,0.869559,0.789458,0.000001,0.869524,-0.000000,-0.000000,
00133,0.869522,0.767561,0.844091,0.585240,-0.000000,-0.000000,0.869559,0.789458,0.000001,0.869524,-0.000000,-0.000000,
00134,0.869522,0.767561,0.844091,0.585240,-0.000000,-0.000000,0.869559,0.789458,0.000001,0.869524,-0.000000,-0.000000,
00135,0.869522,0.767561,0.844091,0.585240,-0.000000,-0.000000,0.869559,0.789458,0.000001,0.869524,-0.000000,-0.000000,
00136,0.869522,0.767561,0.844091,0.585240,-0.000000,-0.000000,0.869559,0.789458,0.000001,0.869524,-0.000000,-0.000000,
00137,0.869522,0.767561,0.844091,0.585240,-0.000000,-0.000000,0.869559,0.789458,0.000001,0.869524,-0.000000,-0.000000,
00138,0.869522,0.767561,0.844091,0.585240,-0.000000,-0.000000,0.869559,0.789458,0.000001,0.869524,-0.000000,-0.000000,
00139,0.869522,0.767561,0.844091,0.585240,-0.000000,-0.000000,0.869559,0.789458,0.000001,0.869524,-0.000000,-0.000000,
00140,0.869522,0.767561,0.844091,0.585240,-0.000000,-0.000000,0.869559,0.789458,0.000001,0.869524,-0.000000,-0.000000,
00141,0.869522,0.767561,0.844091,0.585240,-0.000000,-0.000000,0.869559,0.789458,0.000001,0.869524,-0.000000,-0.000000,
00142,0.869522,0.767561,0.844091,0.585240,-0.000000,-0.000000,0.869559,0.789458,0.000001,0.869524,-0.000000,-0.000000,
00143,0.869522,0.767561,0.844091,0.585240,-0.000000,-0.000000,0.869559,0.789458,0.000001,0.869524,-0.000000,-0.000000,
00144,0.869522,0.767561,0.844091,0.585240,-0.000000,-0.000000,0.869559,0.789458,0.000001,0.869524,-0.000000,-0.000000,
00145,0.869522,0.767561,0.844091,0.585240,-0.000000,-0.000000,0.869559,0.789458,0.000001,0.869524,-0.000000,-0.000000,
00146,0.869522,0.767561,0.844091,0.585240,-0.000000,-0.000000,0.869559,0.789458,0.000001,0.869524,-0.000000,-0.000000,
00147,0.869522,0.767561,0.844091,0.585240,-0.000000,-0.000000,0.869559,0.789458,0.000001,0.869524,-0.000000,-0.000000,
00148,0.869522,0.767561,0.844091,0.585240,-0.000000,-0.000000,0.869559,0.789458,0.000001,0.869524,-0.000000,-0.000000,
00149,0.869522,0.767561,0.844091,0.585240,-0.000000,-0.000000,0.869559,0.789458,0.000001,0.869524,-0.000000,-0.000000,
00150,0.869522,0.767561,0.844091,0.585240,-0.000000,-0.000000,0.869559,0.789458,0.000001,0.869524,-0.000000,-0.000000,
00151,0.869522,0.767561,0.844091,0.585240,-0.000000,-0.000000,0.869559,0.789458,0.000001,0.869524,-0.000000,-0.000000,
00152,0.869522,0.767561,0.844091,0.585240,-0.000000,-0.000000,0.869559,0.789458,0.000001,0.869524,-0.000000,-0.000000,
00153,0.869522,0.767561,0.844091,0.585240,-0.000000,-0.000000,0.869559,0.789458,0.000001,0.869524,-0.000000,-0.000000,
00154,0.869522,0.767561,0.844091,0.585240,-0.000000,-0.000000,0.869559,0.789458,0.000001,0.869524,-0.000000,-0.000000,
00155,0.869522,0.767561,0.844091,0.585240,-0.000000,-0.000000,0.869559,0.789458,0.000001,0.869524,-0.000000,-0.000000,
00156,0.869522,0.767561,0.844091,0.585240,-0.000000,-0.000000,0.869559,0.789458,0.000001,0.869524,-0.000000,-0.000000,
00157,0.869522,0.767561,0.844091,0.585240,-0.000000,-0.000000,0.869559,0.789458,0.000001,0.869524,-0.000000,-0.000000,
00158,0.869522,0.767561,0.844091,0.585240,-0.000000,-0.000000,0.869559,0.789458,0.000001,0.869524,-0.000000,-0.000000,
00159,0.869522,0.767561,0.844091,0.585240,-0.000000,-0.000000,0.869559,0.789458,0.000001,0.869524,-0.000000,-0.000000,
00160,0.869522,0.767561,0.844091,0.585240,-0.000000,-0.000000,0.869559,0.789458,0.000001,0.869524,-0.000000,-0.000000,
00161,0.869522,0.767561,0.844091,0.585240,-0.000000,-0.000000,0.869559,0.789458,0.000001,0.869524,-0.000000,-0.000000,
00162,0.869522,0.767561,0.844091,0.585240,-0.000000,-0.000000,0.869559,0.789458,0.000001,0.869524,-0.000000,-0.000000,
00163,0.869522,0.767561,0.844091,0.585240,-0.000000,-0.000000,0.869559,0.789458,0.000001,0.869524,-0.000000,-0.000000,
00164,0.869522,0.767561,0.844091,0.585240,-0.000000,-0.000000,0.869559,0.789458,0.000001,0.869524,-0.000000,-0.000000,
00165,0.869522,0.767561,0.844091,0.585240,-0.000000,-0.000000,0.869559,0.789458,0.000001,0.869524,-0.000000,-0.000000,
00166,0.869522,0.767561,0.844091,0.585240,-0.000000,-0.000000,0.869559,0.789458,0.000001,0.869524,-0.000000,-0.000000,
00167,0.869522,0.767561,0.844091,0.585240,-0.000000,-0.000000,0.869559,0.789458,0.000001,0.869524,-0.000000,-0.000000,
00168,0.869522,0.767561,0.844091,0.585240,-0.000000,-0.000000,0.869559,0.789458,0.000001,0.869524,-0.000000,-0.000000,
00169,0.869522,0.767561,0.844091,0.585240,-0.000000,-0.000000,0.869559,0.789458,0.000001,0.869524,-0.000000,-0.000000,
00170,0.869522,0.767561,0.844091,0.585240,-0.000000,-0.000000,0.869559,0.789458,0.000001,0.869524,-0.000000,-0.000000,
00171,0.869522,0.767561,0.844091,0.585240,-0.000000,-0.000000,0.869559,0.789458,0.000001,0.869524,-0.000000,-0.000000,
00172,0.869522,0.767561,0.844091,0.585240,-0.000000,-0.000000,0.869559,0.789458,0.000001,0.869524,-0.000000,-0.000000,
00173,0.869522,0.767561,0.844091,0.585240,-0.000000,-0.000000,0.869559,0.789458,0.000001,0.869524,-0.000000,-0.000000,
00174,0.869522,0.767561,0.844091,0.585240,-0.000000,-0.000000,0.869559,0.789458,0.000001,0.869524,-0.000000,-0.000000,
00175,0.869522,0.767561,0.844091,0.585240,-0.000000,-0.000000,0.869559,0.789458,0.000001,0.869524,-0.000000,-0.000000,
00176,0.869522,0.767561,0.844091,0.585240,-0.000000,-0.000000,0.869559,0.789458,0.000001,0.869524,-0.000000,-0.000000,
00177,0.869522,0.767561,0.844091,0.585240,-0.000000,-0.000000,0.869559,0.789458,0.000001,0.869524,-0.000000,-0.000000,
00178,0.869522,0.767561,0.844091,0.585240,-0.000000,-0.000000,0.869559,0.789458,0.000001,0.869524,-0.000000,-0.000000,
00179,0.869522,0.767561,0.844091,0.585240,-0.000000,-0.000000,0.869559,0.789458,0.000001,0.869524,-0.000000,-0.000000,
00180,0.869522,0.767561,0.844091,0.585240,-0.000000,-0.000000,0.869559,0.789458,0.000001,0.869524,-0.000000,-0.000000,
00181,0.869522,0.767561,0.844091,0.585240,-0.000000,-0.000000,0.869559,0.789458,0.000001,0.869524,-0.000000,-0.000000,
00182,0.869522,0.767561,0.844091,0.585240,-0.000000,-0.000000,0.869559,0.789458,0.000001,0.869524,-0.000000,-0.000000,
00183,0.869522,0.767561,0.844091,0.585240,-0.000000,-0.000000,0.869559,0.789458,0.000001,0.869524,-0.000000,-0.000000,
00184,0.869522,0.767561,0.844091,0.585240,-0.000000,-0.000000,0.869559,0.789458,0.000001,0.869524,-0.000000,-0.000000,
00185,0.869522,0.767561,0.844091,0.585240,-0.000000,-0.000000,0.869559,0.789458,0.000001,0.869524,-0.000000,-0.000000,
00186,0.869522,0.767561,0.844091,0.585240,-0.000000,-0.000000,0.869559,0.789458,0.000001,0.869524,-0.000000,-0.000000,
00187,0.869522,0.767561,0.844091,0.585240,-0.000000,-0.000000,0.869559,0.789458,0.000001,0.869524,-0.000000,-0.000000,
00188,0.869522,0.767561,0.844091,0.585240,-0.000000,-0.000000,0.869559,0.789458,0.000001,0.869524,-0.000000,-0.000000,
00189,0.869522,0.767561,0.844091,0.585240,-0.000000,-0.000000,0.869559,0.789458,0.000001,0.869524,-0.000000,-0.000000,
00190,0.869522,0.767561,0.844091,0.585240,-0.000000,-0.000000,0.869559,0.789458,0.000001,0.869524,-0.000000,-0.000000,
00191,0.869522,0.767561,0.844091,0.585240,-0.000000,-0.000000,0.869559,0.789458,0.000001,0.869524,-0.000000,-0.000000,
00192,0.869522,0.767561,0.844091,0.585240,-0.000000,-0.000000,0.869559,0.789458,0.000001,0.869524,-0.000000,-0.000000,
00193,0.869522,0.767561,0.844091,0.585240,-0.000000,-0.000000,0.869559,0.789458,0.000001,0.869524,-0.000000,-0.000000,
00194,0.869522,0.767561,0.844091,0.585240,-0.000000,-0.000000,0.869559,0.789458,0.000001,0.869524,-0.000000,-0.000000,
00195,0.869522,0.767561,0.844091,0.585240,-0.000000,-0.000000,0.869559,0.789458,0.000001,0.869524,-0.000000,-0.000000,
00196,0.869522,0.767561,0.844091,0.585240,-0.000000,-0.000000,0.869559,0.789458,0.000001,0.869524,-0.000000,-0.000000,
00197,0.869522,0.767561,0.844091,0.585240,-0.000000,-0.000000,0.869559,0.789458,0.000001,0.869524,-0.000000,-0.000000,
00198,0.869522,0.767561,0.844091,0.585240,-0.000000,-0.000000,0.869559,0.789458,0.000001,0.869524,-0.000000,-0.000000,
00199,0.869522,0.767561,0.844091,0.585240,-0.000000,-0.000000,0.869559,0.789458,0.000001,0.869524,-0.000000,-0.000000,
00200,0.869522,0.767561,0.844091,0.585240,-0.000000,-0.000000,0.869559,0.789458,0.000001,0.869524,-0.000000,-0.000000,
00201,0.869522,0.767561,0.844091,0.585240,-0.000000,-0.000000,0.869559,0.789458,0.000001,0.869524,-0.000000,-0.000000,
00202,0.869522,0.767561,0.844091,0.585240,-0.000000,-0.000000,0.869559,0.789458,0.000001,0.869524,-0.000000,-0.000000,
00203,0.869522,0.767561,0.844091,0.585240,-0.000000,-0.000000,0.869559,0.789458,0.000001,0.869524,-0.000000,-0.000000,
00204,0.869522,0.767561,0.844091,0.585240,-0.000000,-0.000000,0.869559,0.789458,0.000001,0.869524,-0.000000,-0.000000,
00205,0.869522,0.767561,0.844091,0.585240,-0.000000,-0.000000,0.869559,0.789458,0.000001,0.869524,-0.000000,-0.000000,
00206,0.869522,0.767561,0.844091,0.585240,-0.000000,-0.000000,0.869559,0.789458,0.000001,0.869524,-0.000000,-0.000000,
00207,0.869522,0.767561,0.844091,0.585240,-0.000000,-0.000000,0.869559,0.789458,0.000001,0.869524,-0.000000,-0.000000,
00208,0.869522,0.767561,0.844091,0.585240,-0.000000,-0.000000,0.869559,0.789458,0.000001,0.869524,-0.000000,-0.000000,
00209,0.869522,0.767561,0.844091,0.585240,-0.000000,-0.000000,0.869559,0.789458,0.000001,0.869524,-0.000000,-0.000000,
00210,0.869522,0.767561,0.844091,0.585240,-0.000000,-0.000000,0.869559,0.789458,0.000001,0.869524,-0.000000,-0.000000,
00211,0.869522,0.767561,0.844091,0.585240,-0.000000,-0.000000,0.869559,0.789458,0.000001,0.869524,-0.000000,-0.000000,
00212,0.869522,0.767561,0.844091,0.585240,-0.000000,-0.000000,0.869559,0.789458,0.000001,0.869524,-0.000000,-0.000000,
00213,0.869522,0.767561,0.844091,0.585240,-0.000000,-0.000000,0.869559,0.789458,0.000001,0.869524,-0.000000,-0.000000,
00214,0.869522,0.767561,0.844091,0.585240,-0.000000,-0.000000,0.869559,0.789458,0.000001,0.869524,-0.000000,-0.000000,
00215,0.869522,0.767561,0.844091,0.585240,-0.000000,-0.000000,0.869559,0.789458,0.000001,0.869524,-0.000000,-0.000000,
00216,0.869522,0.767561,0.844091,0.585240,-0.000000,-0.000000,0.869559,0.789458,0.000001,0.869524,-0.000000,-0.000000,
00217,0.869522,0.767561,0.844091,0.585240,-0.000000,-0.000000,0.869559,0.789458,0.000001,0.869524,-0.000000,-0.000000,
00218,0.869522,0.767561,0.844091,0.585240,-0.000000,-0.000000,0.869559,0.789458,0.000001,0.869524,-0.000000,-0.000000,
00219,0.869522,0.767561,0.844091,0.585240,-0.000000,-0.000000,0.869559,0.789458,0.000001,0.869524,-0.000000,-0.000000,
00220,0.869522,0.767561,0.844091,0.585240,-0.000000,-0.000000,0.869559,0.789458,0.000001,0.869524,-0.000000,-0.000000,
00221,0.869522,0.767561,0.844091,0.585240,-0.000000,-0.000000,0.869559,0.789458,0.000001,0.869524,-0.000000,-0.000000,
00222,0.869522,0.767561,0.844091,0.585240,-0.000000,-0.000000,0.869559,0.789458,0.000001,0.869524,-0.000000,-0.000000,
00223,0.869522,0.767561,0.844091,0.585240,-0.000000,-0.000000,0.869559,0.789458,0.000001,0.869524,-0.000000,-0.000000,
00224,0.869522,0.767561,0.844091,0.585240,-0.000000,-0.000000,0.869559,0.789458,0.000001,0.869524,-0.000000,-0.000000,
00225,0.869522,0.767561,0.844091,0.585240,-0.000000,-0.000000,0.869559,0.789458,0.000001,0.869524,-0.000000,-0.000000,
00226,0.869522,0.767561,0.844091,0.585240,-0.000000,-0.000000,0.869559,0.789458,0.000001,0.869524,-0.000000,-0.000000,
00227,0.869522,0.767561,0.844091,0.585240,-0.000000,-0.000000,0.869559,0.789458,0.000001,0.869524,-0.000000,-0.000000,
00228,0.869522,0.767561,0.844091,0.585240,-0.000000,-0.000000,0.869559,0.789458,0.000001,0.869524,-0.000000,-0.000000,
00229,0.869522,0.767561,0.844091,0.585240,-0.000000,-0.000000,0.869559,0.789458,0.000001,0.869524,-0.000000,-0.000000,
00230,0.869522,0.767561,0.844091,0.585240,-0.000000,-0.000000,0.869559,0.789458,0.000001,0.869524,-0.000000,-0.000000,
00231,0.869522,0.767561,0.844091,0.585240,-0.000000,-0.000000,0.869559,0.789458,0.000001,0.869524,-0.000000,-0.000000,
00232,0.869522,0.767561,0.844091,0.585240,-0.000000,-0.000000,0.869559,0.789458,0.000001,0.869524,-0.000000,-0.000000,
00233,0.869522,0.767561,0.844091,0.585240,-0.000000,-0.000000,0.869559,0.789458,0.000001,0.869524,-0.000000,-0.000000,
00234,0.869522,0.767561,0.844091,0.585240,-0.000000,-0.000000,0.869559,0.789458,0.000001,0.869524,-0.000000,-0.000000,
00235,0.869522,0.767561,0.844091,0.585240,-0.000000,-0.000000,0.869559,0.789458,0.000001,0.869524,-0.000000,-0.000000,
00236,0.869522,0.767561,0.844091,0.585240,-0.000000,-0.000000,0.869559,0.789458,0.000001,0.869524,-0.000000,-0.000000,
00237,0.869522,0.767561,0.844091,0.585240,-0.000000,-0.000000,0.869559,0.789458,0.000001,0.869524,-0.000000,-0.000000,
00238,0.869522,0.767561,0.844091,0.585240,-0.000000,-0.000000,0.869559,0.789458,0.000001,0.869524,-0.000000,-0.000000,
00239,0.869522,0.767561,0.844091,0.585240,-0.000000,-0.000000,0.869559,0.789458,0.000001,0.869524,-0.000000,-0.000000,
00240,0.869522,0.767561,0.844091,0.585240,-0.000000,-0.000000,0.869559,0.789458,0.000001,0.869524,-0.000000,-0.000000,
00241,0.869522,0.767561,0.844091,0.585240,-0.000000,-0.000000,0.869559,0.789458,0.000001,0.869524,-0.000000,-0.000000,
00242,0.869522,0.767561,0.844091,0.585240,-0.000000,-0.000000,0.869559,0.789458,0.000001,0.869524,-0.000000,-0.000000,
00243,0.869522,0.767561,0.844091,0.585240,-0.000000,-0.000000,0.869559,0.789458,0.000001,0.869524,-0.000000,-0.000000,
00244,0.869522,0.767561,0.844091,0.585240,-0.000000,-0.000000,0.869559,0.789458,0.000001,0.869524,-0.000000,-0.000000,
00245,0.869522,0.767561,0.844091,0.585240,-0.000000,-0.000000,0.869559,0.789458,0.000001,0.869524,-0.000000,-0.000000,
00246,0.869522,0.767561,0.844091,0.585240,-0.000000,-0.000000,0.869559,0.789458,0.000001,0.869524,-0.000000,-0.000000,
00247,0.869522,0.767561,0.844091,0.585240,-0.000000,-0.000000,0.869559,0.789458,0.000001,0.869524,-0.000000,-0.000000,
00248,0.869522,0.767561,0.844091,0.585240,-0.000000,-0.000000,0.869559,0.789458,0.000001,0.869524,-0.000000,-0.000000,
00249,0.869522,0.767561,0.844091,0.585240,-0.000000,-0.000000,0.869559,0.789458,0.000001,0.869524,-0.000000,-0.000000,
00250,0.869522,0.767561,0.844091,0.585240,-0.000000,-0.000000,0.869559,0.789458,0.000001,0.869524,-0.000000,-0.000000,
00251,0.869522,0.767561,0.844091,0.585240,-0.000000,-0.000000,0.869559,0.789458,0.000001,0.869524,-0.000000,-0.000000,
00252,0.869522,0.767561,0.844091,0.585240,-0.000000,-0.000000,0.869559,0.789458,0.000001,0.869524,-0.000000,-0.000000,
00253,0.869522,0.767561,0.844091,0.585240,-0.000000,-0.000000,0.869559,0.789458,0.000001,0.869524,-0.000000,-0.000000,
00254,0.869522,0.767561,0.844091,0.585240,-0.000000,-0.000000,0.869559,0.789458,0.000001,0.869524,-0.000000,-0.000000,
00255,0.869522,0.767561,0.844091,0.585240,-0.000000,-0.000000,0.869559,0.789458,0.000001,0.869524,-0.000000,-0.000000,
00256,0.869522,0.767561,0.844091,0.585240,-0.000000,-0.000000,0.869559,0.789458,0.000001,0.869524,-0.000000,-0.000000,
00257,0.869522,0.767561,0.844091,0.585240,-0.000000,-0.000000,0.869559,0.789458,0.000001,0.869524,-0.000000,-0.000000,
00258,0.869522,0.767561,0.844091,0.585240,-0.000000,-0.000000,0.869559,0.789458,0.000001,0.869524,-0.000000,-0.000000,
00259,0.869522,0.767561,0.844091,0.585240,-0.000000,-0.000000,0.869559,0.789458,0.000001,0.869524,-0.000000,-0.000000,
00260,0.869522,0.767561,0.844091,0.585240,-0.000000,-0.000000,0.869559,0.789458,0.000001,0.869524,-0.000000,-0.000000,
00261,0.869522,0.767561,0.844091,0.585240,-0.000000,-0.000000,0.869559,0.789458,0.000001,0.869524,-0.000000,-0.000000,
00262,0.869522,0.767561,0.844091,0.585240,-0.000000,-0.000000,0.869559,0.789458,0.000001,0.869524,-0.000000,-0.000000,
00263,0.869522,0.767561,0.844091,0.585240,-0.000000,-0.000000,0.869559,0.789458,0.000001,0.869524,-0.000000,-0.000000,
00264,0.869522,0.767561,0.844091,0.585240,-0.000000,-0.000000,0.869559,0.789458,0.000001,0.869524,-0.000000,-0.000000,
00265,0.869522,0.767561,0.844091,0.585240,-0.000000,-0.000000,0.869559,0.789458,0.000001,0.869524,-0.000000,-0.000000,
00266,0.869522,0.767561,0.844091,0.585240,-0.000000,-0.000000,0.869559,0.789458,0.000001,0.869524,-0.000000,-0.000000,
00267,0.869522,0.767561,0.844091,0.585240,-0.000000,-0.000000,0.869559,0.789458,0.000001,0.869524,-0.000000,-0.000000,
00268,0.869522,0.767561,0.844091,0.585240,-0.000000,-0.000000,0.869559,0.789458,0.000001,0.869524,-0.000000,-0.000000,
00269,0.869522,0.767561,0.844091,0.585240,-0.000000,-0.000000,0.869559,0.789458,0.000001,0.869524,-0.000000,-0.000000,
00270,0.869522,0.767561,0.844091,0.585240,-0.000000,-0.000000,0.869559,0.789458,0.000001,0.869524,-0.000000,-0.000000,
00271,0.869522,0.767561,0.844091,0.585240,-0.000000,-0.000000,0.869559,0.789458,0.000001,0.869524,-0.000000,-0.000000,
00272,0.869522,0.767561,0.844091,0.585240,-0.000000,-0.000000,0.869559,0.789458,0.000001,0.869524,-0.000000,-0.000000,
00273,0.869522,0.767561,0.844091,0.585240,-0.000000,-0.000000,0.869559,0.789458,0.000001,0.869524,-0.000000,-0.000000,
00274,0.869522,0.767561,0.844091,0.585240,-0.000000,-0.000000,0.869559,0.789458,0.000001,0.869524,-0.000000,-0.000000,
00275,0.869522,0.767561,0.844091,0.585240,-0.000000,-0.000000,0.869559,0.789458,0.000001,0.869524,-0.000000,-0.000000,
00276,0.869522,0.767561,0.844091,0.585240,-0.000000,-0.000000,0.869559,0.789458,0.000001,0.869524,-0.000000,-0.000000,
00277,0.869522,0.767561,0.844091,0.585240,-0.000000,-0.000000,0.869559,0.789458,0.000001,0.869524,-0.000000,-0.000000,
00278,0.869522,0.767561,0.844091,0.585240,-0.000000,-0.000000,0.869559,0.789458,0.000001,0.869524,-0.000000,-0.000000,
00279,0.869522,0.767561,0.844091,0.585240,-0.000000,-0.000000,0.869559,0.789458,0.000001,0.869524,-0.000000,-0.000000,
00280,0.869522,0.767561,0.844091,0.585240,-0.000000,-0.000000,0.869559,0.789458,0.000001,0.869524,-0.000000,-0.000000,
00281,0.869522,0.767561,0.844091,0.585240,-0.000000,-0.000000,0.869559,0.789458,0.000001,0.869524,-0.000000,-0.000000,
00282,0.869522,0.767561,0.844091,0.585240,-0.000000,-0.000000,0.869559,0.789458,0.000001,0.869524,-0.000000,-0.000000,
00283,0.869522,0.767561,0.844091,0.585240,-0.000000,-0.000000,0.869559,0.789458,0.000001,0.869524,-0.000000,-0.000000,
00284,0.869522,0.767561,0.844091,0.585240,-0.000000,-0.000000,0.869559,0.789458,0.000001,0.869524,-0.000000,-0.000000,
00285,0.869522,0.767561,0.844091,0.585240,-0.000000,-0.000000,0.869559,0.789458,0.000001,0.869524,-0.000000,-0.000000,
00286,0.869522,0.767561,0.844091,0.585240,-0.000000,-0.000000,0.869559,0.789458,0.000001,0.869524,-0.000000,-0.000000,
00287,0.869522,0.767561,0.844091,0.585240,-0.000000,-0.000000,0.869559,0.789458,0.000001,0.869524,-0.000000,-0.000000,
00288,0.869522,0.767561,0.844091,0.585240,-0.000000,-0.000000,0.869559,0.789458,0.000001,0.869524,-0.000000,-0.000000,
00289,0.869522,0.767561,0.844091,0.585240,-0.000000,-0.000000,0.869559,0.789458,0.000001,0.869524,-0.000000,-0.000000,
00290,0.869522,0.767561,0.844091,0.585240,-0.000000,-0.000000,0.869559,0.789458,0.000001,0.869524,-0.000000,-0.000000,
00291,0.869522,0.767561,0.844091,0.585240,-0.000000,-0.000000,0.869559,0.789458,0.000001,0.869524,-0.000000,-0.000000,
00292,0.869522,0.767561,0.844091,0.585240,-0.000000,-0.000000,0.869559,0.789458,0.000001,0.869524,-0.000000,-0.000000,
00293,0.869522,0.767561,0.844091,0.585240,-0.000000,-0.000000,0.869559,0.789458,0.000001,0.869524,-0.000000,-0.000000,
00294,0.869522,0.767561,0.844091,0.585240,-0.000000,-0.000000,0.869559,0.789458,0.000001,0.869524,-0.000000,-0.000000,
00295,0.869522,0.767561,0.844091,0.585240,-0.000000,-0.000000,0.869559,0.789458,0.000001,0.869524,-0.000000,-0.000000,
00296,0.869522,0.767561,0.844091,0.585240,-0.000000,-0.000000,0.869559,0.789458,0.000001,0.869524,-0.000000,-0.000000,
00297,0.869522,0.767561,0.844091,0.585240,-0.000000,-0.000000,0.869559,0.789458,0.000001,0.869524,-0.000000,-0.000000,
00298,0.869522,0.767561,0.844091,0.585240,-0.000000,-0.000000,0.869559,0.789458,0.000001,0.869524,-0.000000,-0.000000,
00299,0.869522,0.767561,0.844091,0.585240,-0.000000,-0.000000,0.869559,0.789458,0.000001,0.869524,-0.000000,-0.000000,
00300,0.869522,0.767561,0.844091,0.585240,-0.000000,-0.000000,0.869559,0.789458,0.000001,0.869524,-0.000000,-0.000000,
00301,0.869522,0.767561,0.844091,0.585240,-0.000000,-0.000000,0.869559,0.789458,0.000001,0.869524,-0.000000,-0.000000,
00302,0.869522,0.767561,0.844091,0.585240,-0.000000,-0.000000,0.869559,0.789458,0.000001,0.869524,-0.000000,-0.000000,
00303,0.869522,0.767561,0.844091,0.585240,-0.000000,-0.000000,0.869559,0.789458,0.000001,0.869524,-0.000000,-0.000000,
00304,0.869522,0.767561,0.844091,0.585240,-0.000000,-0.000000,0.869559,0.789458,0.000001,0.869524,-0.000000,-0.000000,
00305,0.869522,0.767561,0.844091,0.585240,-0.000000,-0.000000,0.869559,0.789458,0.000001,0.869524,-0.000000,-0.000000,
00306,0.869522,0.767561,0.844091,0.585240,-0.000000,-0.000000,0.869559,0.789458,0.000001,0.869524,-0.000000,-0.000000,
00307,0.869522,0.767561,0.844091,0.585240,-0.000000,-0.000000,0.869559,0.789458,0.000001,0.869524,-0.000000,-0.000000,
00308,0.869522,0.767561,0.844091,0.585240,-0.000000,-0.000000,0.869559,0.789458,0.000001,0.869524,-0.000000,-0.000000,
00309,0.869522,0.767561,0.844091,0.585240,-0.000000,-0.000000,0.869559,0.789458,0.000001,0.869524,-0.000000,-0.000000,
00310,0.869522,0.767561,0.844091,0.585240,-0.000000,-0.000000,0.869559,0.789458,0.000001,0.869524,-0.000000,-0.000000,
00311,0.869522,0.767561,0.844091,0.585240,-0.000000,-0.000000,0.869559,0.789458,0.000001,0.869524,-0.000000,-0.000000,
00312,0.869522,0.767561,0.844091,0.585240,-0.000000,-0.000000,0.869559,0.789458,0.000001,0.869524,-0.000000,-0.000000,
00313,0.869522,0.767561,0.844091,0.585240,-0.000000,-0.000000,0.869559,0.789458,0.000001,0.869524,-0.000000,-0.000000,
00314,0.869522,0.767561,0.844091,0.585240,-0.000000,-0.000000,0.869559,0.789458,0.000001,0.869524,-0.000000,-0.000000,
00315,0.869522,0.767561,0.844091,0.585240,-0.000000,-0.000000,0.869559,0.789458,0.000001,0.869524,-0.000000,-0.000000,
00316,0.869522,0.767561,0.844091,0.585240,-0.000000,-0.000000,0.869559,0.789458,0.000001,0.869524,-0.000000,-0.000000,
00317,0.869522,0.767561,0.844091,0.585240,-0.000000,-0.000000,0.869559,0.789458,0.000001,0.869524,-0.000000,-0.000000,
00318,0.869522,0.767561,0.844091,0.585240,-0.000000,-0.000000,0.869559,0.789458,0.000001,0.869524,-0.000000,-0.000000,
00319,0.869522,0.767561,0.844091,0.585240,-0.000000,-0.000000,0.869559,0.789458,0.000001,0.869524,-0.000000,-0.000000,
00320,0.869522,0.767561,0.844091,0.585240,-0.000000,-0.000000,0.869559,0.789458,0.000001,0.869524,-0.000000,-0.000000,
00321,0.869522,0.767561,0.844091,0.585240,-0.000000,-0.000000,0.869559,0.789458,0.000001,0.869524,-0.000000,-0.000000,
00322,0.869522,0.767561,0.844091,0.585240,-0.000000,-0.000000,0.869559,0.789458,0.000001,0.869524,-0.000000,-0.000000,
00323,0.869522,0.767561,0.844091,0.585240,-0.000000,-0.000000,0.869559,0.789458,0.000001,0.869524,-0.000000,-0.000000,
00324,0.869522,0.767561,0.844091,0.585240,-0.000000,-0.000000,0.869559,0.789458,0.000001,0.869524,-0.000000,-0.000000,
00325,0.869522,0.767561,0.844091,0.585240,-0.000000,-0.000000,0.869559,0.789458,0.000001,0.869524,-0.000000,-0.000000,
00326,0.869522,0.767561,0.844091,0.585240,-0.000000,-0.000000,0.869559,0.789458,0.000001,0.869524,-0.000000,-0.000000,
00327,0.869522,0.767561,0.844091,0.585240,-0.000000,-0.000000,0.869559,0.789458,0.000001,0.869524,-0.000000,-0.000000,
00328,0.869522,0.767561,0.844091,0.585240,-0.000000,-0.000000,0.869559,0.789458,0.000001,0.869524,-0.000000,-0.000000,
00329,0.869522,0.767561,0.844091,0.585240,-0.000000,-0.000000,0.869559,0.789458,0.000001,0.869524,-0.000000,-0.000000,
00330,0.869522,0.767561,0.844091,0.585240,-0.000000,-0.000000,0.869559,0.789458,0.000001,0.869524,-0.000000,-0.000000,
00331,0.869522,0.767561,0.844091,0.585240,-0.000000,-0.000000,0.869559,0.789458,0.000001,0.869524,-0.000000,-0.000000,
00332,0.869522,0.767561,0.844091,0.585240,-0.000000,-0.000000,0.869559,0.789458,0.000001,0.869524,-0.000000,-0.000000,
00333,0.869522,0.767561,0.844091,0.585240,-0.000000,-0.000000,0.869559,0.789458,0.000001,0.869524,-0.000000,-0.000000,
00334,0.869522,0.767561,0.844091,0.585240,-0.000000,-0.000000,0.869559,0.789458,0.000001,0.869524,-0.000000,-0.000000,
00335,0.869522,0.767561,0.844091,0.585240,-0.000000,-0.000000,0.869559,0.789458,0.000001,0.869524,-0.000000,-0.000000,
00336,0.869522,0.767561,0.844091,0.585240,-0.000000,-0.000000,0.869559,0.789458,0.000001,0.869524,-0.000000,-0.000000,
00337,0.869522,0.767561,0.844091,0.585240,-0.000000,-0.000000,0.869559,0.789458,0.000001,0.869524,-0.000000,-0.000000,
00338,0.869522,0.767561,0.844091,0.585240,-0.000000,-0.000000,0.869559,0.789458,0.000001,0.869524,-0.000000,-0.000000,
00339,0.869522,0.767561,0.844091,0.585240,-0.000000,-0.000000,0.869559,0.789458,0.000001,0.869524,-0.000000,-0.000000,
00340,0.869522,0.767561,0.844091,0.585240,-0.000000,-0.000000,0.869559,0.789458,0.000001,0.869524,-0.000000,-0.000000,
00341,0.869522,0.767561,0.844091,0.585240,-0.000000,-0.000000,0.869559,0.789458,0.000001,0.869524,-0.000000,-0.000000,
00342,0.869522,0.767561,0.844091,0.585240,-0.000000,-0.000000,0.869559,0.789458,0.000001,0.869524,-0.000000,-0.000000,
00343,0.869522,0.767561,0.844091,0.585240,-0.000000,-0.000000,0.869559,0.789458,0.000001,0.869524,-0.000000,-0.000000,
00344,0.869522,0.767561,0.844091,0.585240,-0.000000,-0.000000,0.869559,0.789458,0.000001,0.869524,-0.000000,-0.000000,
00345,0.869522,0.767561,0.844091,0.585240,-0.000000,-0.000000,0.869559,0.789458,0.000001,0.869524,-0.000000,-0.000000,
00346,0.869522,0.767561,0.844091,0.585240,-0.000000,-0.000000,0.869559,0.789458,0.000001,0.869524,-0.000000,-0.000000,
00347,0.869522,0.767561,0.844091,0.585240,-0.000000,-0.000000,0.869559,0.789458,0.000001,0.869524,-0.000000,-0.000000,
00348,0.869522,0.767561,0.844091,0.585240,-0.000000,-0.000000,0.869559,0.789458,0.000001,0.869524,-0.000000,-0.000000,
00349,0.869522,0.767561,0.844091,0.585240,-0.000000,-0.000000,0.869559,0.789458,0.000001,0.869524,-0.000000,-0.000000,
00350,0.869174,0.766098,0.844091,0.584479,-0.000000,-0.000000,0.869236,0.789154,0.000001,0.869178,-0.000000,-0.000000,
